Timestamp,Level of effort instructor put into the course [Level of effort instructor put into the course],Contribution of course to your skill/knowledge [Contribution of course to your skill/knowledge],Skill and responsiveness of the instructor [Instructor was an effective lecturer/demonstrator],Skill and responsiveness of the instructor [Presentations were clear and organized],Skill and responsiveness of the instructor [Instructor stimulated student interest],Skill and responsiveness of the instructor [Instructor effectively used time during class periods],Skill and responsiveness of the instructor [Instructor was available and helpful],Skill and responsiveness of the instructor [Grading was prompt and had useful feedback],Course content [Learning objectives were clear],Course content [Course content was organized and well planned],Course content [Course workload was appropriate],Course content [Course organized to allow all students to participate fully],How would you rate the overall course?,What aspects of this course were most useful or valuable?,How would you improve this course?,Any other comments
7/17/2025 15:43:57,,3.0,5,5,5,5,5,5,5,5,5,5,4,,,
7/17/2025 15:44:31,,3.0,5,5,5,5,5,5,5,5,5,5,4,Most usful,By conducting more hands on session,Good faculty
7/17/2025 15:44:47,5.0,5.0,5,5,5,5,5,5,5,5,5,5,3,Machine learning techniques,,
7/17/2025 15:45:22,5.0,5.0,5,5,5,5,5,5,5,5,5,5,4,came to know about data science from scratch ,with more hands-on,overall satisfied with the content delivery
7/17/2025 15:45:25,,,4,4,4,4,5,5,4,4,4,4,3,Machine Learning,,
7/17/2025 15:45:51,5.0,5.0,5,5,5,5,5,5,5,5,5,5,4,Data Science and Machine learning types,Through more Practical Applications,Very Interesting Subject learned a lot and gained knowledge on machine learning
7/17/2025 15:45:57,5.0,,5,4,5,4,5,5,4,3,4,4,3,,more examples,
7/17/2025 15:46:15,5.0,5.0,5,5,5,5,5,5,5,5,5,5,4,Learning ML,By learning ML,NIL
7/17/2025 15:46:58,5.0,,5,5,5,5,5,5,5,5,5,5,4,"Machine learning, Data visualization using Tableau software",May be few practical case studies if referred then it will create further interest to all,"You are just an awesome teacher Wahid sir, Thanks for everything"
7/17/2025 15:47:38,5.0,5.0,5,5,5,5,5,5,5,5,5,5,4,Linear Regression and knowing the basics of Data Science and its difference with Al and ML,,
7/17/2025 15:47:54,5.0,,5,5,4,5,4,4,5,4,4,4,4,data science we got some insight,more practical and hands on session,
7/17/2025 15:48:45,5.0,5.0,5,5,4,5,5,5,5,4,5,5,4,"along with course Data science and Machine learning ,Analysis of Data was done  practically.",The course was excellent it will get more useful if more practical session or some programming languages are added.,Excellent Course Structure
7/17/2025 15:49:08,5.0,5.0,5,5,5,5,5,5,5,5,5,5,4,The most valuable aspect of this course was the hands-on coding assignments. The practical approach will be especially useful as I prepare for software development internships.,"The course provided a solid foundation in data analysis and machine learning. However, I think it could be improved by including more real-world datasets and project-based assessments. This would help us better understand how to tackle messy, real-life data problems.",The over all classes and labs were excellent and good 
7/17/2025 15:50:13,5.0,5.0,5,5,5,5,5,5,4,3,4,4,4,-,-,-
7/17/2025 15:51:50,5.0,5.0,5,5,5,5,5,5,5,5,5,5,4,Weka Tool,More practical experiments,Thank You
7/17/2025 15:52:38,5.0,5.0,5,5,5,5,5,5,5,5,5,5,4,Data science and machine learning,will improve this course by regular practice,no
7/17/2025 15:52:45,,,5,5,5,5,4,5,4,5,4,5,4,"The practical examples, clear explanations, and Python sessions were very helpful",kick start to understand the course Include more hands-on exercises and some advanced topics.,Great course for beginners in data science. Thank you!
7/17/2025 15:53:31,5.0,5.0,5,5,5,5,5,4,5,5,4,5,4,Introducing  software tools has inspired as more valuable,As i am a beginner i can't comment sir,No
7/17/2025 15:54:47,5.0,5.0,5,5,5,5,5,5,5,5,5,5,4,"The relation between AI, Data Science, MLand DL",By practise or using algorithms to do a particular task. We can use the output results to prepare paper also ,"You are sincere and giving your full efforts sir, Thanks for your dedication "
7/17/2025 15:58:21,5.0,,5,5,4,5,5,5,5,4,4,5,4,Very informative for non CS faculty,,
7/17/2025 15:59:25,5.0,5.0,5,5,5,5,5,4,5,4,5,4,4,Hands on experience on software,,
7/17/2025 16:00:03,,3.0,4,4,4,4,4,4,4,4,4,4,3,,,
7/17/2025 16:00:38,5.0,5.0,5,5,5,5,5,5,5,5,5,5,4,Data science and concepts of regression.,"Excellent course thought by Sir. Nothing is required to improve as a course content and course delivery. 
Only myself need to learn and make use of what has been thought by excellent session of data science and machine learning by Dr Abdul Sir.",Learnt WEKA and Tableau tools
7/17/2025 16:00:43,5.0,5.0,5,5,5,5,5,5,5,5,5,5,4,,,
7/17/2025 16:24:52,5.0,5.0,5,5,5,5,5,5,5,5,5,5,4,most valuable and useful,,no
7/17/2025 16:26:52,,5.0,5,5,5,5,5,4,5,4,5,4,4,Weka tool,no need of improvement,no
7/17/2025 16:27:56,,,4,4,4,4,4,4,4,4,4,4,3,data science and Machine learning,More practise sessions and examples,Nice conduction and notes and timely conduction well organized
7/17/2025 16:28:15,5.0,5.0,5,5,5,5,5,5,5,5,5,5,4,,,
7/17/2025 22:41:02,5.0,5.0,5,4,5,5,4,4,5,5,5,4,4,Enhancing the skills in Data Sciences and Machine Learning applications,Practicing more by using Python and weka tools.,Very good this course for me to explore in computing course.
7/17/2025 22:44:49,5.0,5.0,5,4,5,5,4,5,5,4,5,5,4,Enhancing the skills in Python for Data Sciences and Machine Learning applications,by practicing every day ,It is very useful for me to enhance skills in computing courses
7/18/2025 4:41:58,5.0,,4,5,4,4,4,4,4,4,5,5,4,"Very well organized and delivered
",by going into depth with more practical examples relating with concepts/basics of subject,very good program
7/18/2025 19:17:57,,,4,4,4,4,4,4,4,4,4,4,4,Weka tool,More physical classes are to conducted for better explore,
7/21/2025 9:38:09,5.0,5.0,5,5,5,5,5,5,5,5,5,5,4,Basics of data science,,
7/28/2025 19:01:44,5.0,5.0,5,5,5,5,5,5,5,5,5,5,4,It is useful for our research work,By more practicing ,
